claim_id	claim	manuscript_location	evidence_type	source	field_or_test	status
C01	Symmetric variant: action-marginal futures identical across clues; action-conditional futures differ	sec:setting (Aliased T-maze)	technical_test	tests/test_env.py	TestAliasedTMaze.test_symmetric_action_marginal_future_is_clue_independent	TECHNICAL_TEST_PASS (exact enumeration fixture; not a proof beyond tested horizons 1-3)
C02	Every transition is charged before execution; cap is hard and spent exactly; restores counted	sec:setting (Transition budget)	technical_test	tests/test_accounting.py	TestLedger.*, TestCollectorAccounting.test_totals_match_records_and_cap	TECHNICAL_TEST_PASS
C03	Evaluation forbids snapshot/restore (no hidden rollouts)	sec:setting; sec:diag (Cost)	technical_test+raw	tests/test_accounting.py; runs/diag_20260926T160006Z_281020c/manifest.json	test_planner_uses_no_hidden_rollouts; env_transitions.test_restores	TECHNICAL_TEST_PASS; VERIFIED_RAW
C04	Actors/learners/planner receive only observable history; labels separate; encoder causal	sec:setting (Information access)	technical_test	tests/test_information_access.py	all tests	TECHNICAL_TEST_PASS
C05	Branching never changes the main trajectory	sec:setting (Branching collection)	technical_test	tests/test_accounting.py	test_branching_does_not_change_main_trajectory	TECHNICAL_TEST_PASS
C06	Diagnostic: informative control forced-commit 1.000 in all seeds; untrained and memoryless 0.500; headroom 0.500; verdict HEADROOM_PRESENT	abstract; sec:intro; sec:diag; Table 1	raw_result	runs/diag_20260926T160006Z_281020c/cells.json; verdict.json	planning.forced_commit_accuracy; per_seed[].headroom_informative_minus_random; verdict	VERIFIED_RAW (via paper/export_results.py)
C07	Untrained-encoder linear probe test accuracy 0.47-0.57; not proof of absent information	sec:diag	raw_result	runs/diag_20260926T160006Z_281020c/cells.json	probe.test_accuracy	VERIFIED_RAW
C08	Full-action success confounded by stalling: memoryless timeout 1.000 in two seeds vs untrained success 0.500	abstract; sec:diag	raw_result	runs/diag_20260926T160006Z_281020c/cells.json	planning.success_rate; planning.timeout_rate; planning.first_planner_decisions	VERIFIED_RAW (observation in one synthetic task)
C09	Diagnostic cost: 53,503 transitions, 9,888 train restores, 0 test restores, 1,189 CPU-s, 13.17 GMAC, 26.9 MB	sec:diag (Cost)	raw_result	runs/diag_20260926T160006Z_281020c/manifest.json	env_transitions.*; time.process_cpu_s; total_mac; peak_rss_mb	VERIFIED_RAW
C10	No leak of episode index or clue-balancing pattern into inputs	sec:diag (Observations)	raw_result+technical_test	runs/diag_20260926T160006Z_281020c/cells.json; tests/test_diagnose.py	planning.first_planner_decisions (constant choice); TestControls.test_features_do_not_depend_on_order_index_or_previous_episodes; test_memoryless_forced_commit_is_exactly_chance_with_any_head	VERIFIED_RAW + TECHNICAL_TEST_PASS (absence of evidence within this design only)
C11	Under-trained head makes the full-action planner stall (motivation for forced-commit primary)	app:history	raw_result+exploratory	runs/smoke_20260926T151604Z_d72e769/metrics.json; STATUS.md	asymmetric acp_nobranch planning.timeout_rate=1.0; positive-control debugging output was exploratory and not saved as a run	PARTIAL: smoke raw VERIFIED_RAW; debugging EXPLORATORY_NOT_SAVED
C12	Diagnostic readout was not restore-free (readout data collected with branching)	sec:diag (Cost)	raw_result	runs/diag_20260926T160006Z_281020c/manifest.json	env_transitions.train_restores	VERIFIED_RAW
L01	PSRs: state as predictions of action-conditional tests	sec:intro; sec:related; sec:setting	literature	littman2001psr; singh2004psr	docs/prior_art_raw_en.md rows 1-2	FULL_TEXT_VERIFIED
L02	PSD/PSRNN targets not conditioned on future actions (formulations checked)	sec:related	literature	venkatraman2017psd; downey2017psrnn	docs/prior_art_raw_en.md rows 10-11	FULL_TEXT_VERIFIED (PSD controlled variants unchecked)
L03	AIS bounds planning loss of history compression predicting reward/next AIS given action	sec:related	literature	subramanian2022ais	row 7	FULL_TEXT_VERIFIED
L04	Ni et al. 2024 relate one-step self-predictive history objectives to AIS	sec:related	literature	ni2024bridging	row 8	FULL_TEXT_VERIFIED
L05	SimCore/CPC|Action/PBL: action-conditional multi-step prediction from recurrent histories; Guo 2018 report action conditioning critical	sec:intro; sec:related	literature	gregor2019simcore; guo2018belief; guo2020pbl	rows 12, 13, 25	FULL_TEXT_VERIFIED (Guo 2018: abstract verbatim; architecture via HTML)
L06	SPR, TD-MPC2, MuZero, Oh et al.: action-conditioned multi-step latent prediction	sec:intro; sec:related	literature	schwarzer2021spr; hansen2024tdmpc2; schrittwieser2020muzero; oh2015action	rows 5, 14, 15, 17	FULL_TEXT_VERIFIED
L07	PlaNet/DreamerV3 recurrent world models in POMDPs	sec:related	literature	hafner2019planet; hafner2023dreamerv3	rows 6a, 6b	FULL_TEXT_VERIFIED (DreamerV3 arXiv v2 only)
L08	Khetarpal et al. 2025 compare per-action vs policy-marginal self-prediction in MDPs	sec:related	literature	khetarpal2025unifying	row R2	FULL_TEXT_VERIFIED_HTML
L09	Kwon et al.: history encoder + action-conditional k-step predictor, decoupled; test actions once per episode; no branching; no action-free ablation found	sec:intro; sec:related; limitations	literature	kwon2024future	row R1; main-session WebFetch of arXiv abs+HTML 2026-09-26	FULL_TEXT_VERIFIED_HTML (PDF/appendix not checked)
L10	TRPO vine uses state restore for branch rollouts	sec:intro; sec:related	literature	schulman2015trpo	row 21	FULL_TEXT_VERIFIED
L11	James & Singh 2004: reset-and-replay to estimate PSR tests	sec:intro; sec:related	literature	james2004reset	row 24	FULL_TEXT_VERIFIED
L12	Local simulator access analysed theoretically	sec:related	literature	mhammedi2024resets	row R3	FULL_TEXT_UNVERIFIED (abstract only)
L13	Perceptual aliasing	sec:intro	literature	whitehead1991aliasing; mccallum1996thesis	rows 22-23	FULL_TEXT_UNVERIFIED (metadata only)
L14	DBC, value equivalence, successor features as task-oriented alternatives	sec:related	literature	zhang2021dbc; grimm2020ve; barreto2017sf; dayan1993sr	rows 3, 3b, 4, 16	FULL_TEXT_VERIFIED except dayan1993sr (metadata only)
L15	T-maze memory tasks and recurrent/world-model baselines	sec:related	literature	ni2022recurrent; ni2023transformers; samsami2024r2i	rows 18-20	FULL_TEXT_VERIFIED (Ni 2022 via HTML)
L16	TD networks learn action-conditional predictions from executed actions	sec:related	literature	sutton2004tdnets	row 9	FULL_TEXT_VERIFIED
S02	No novelty is claimed for ACP, branching, or the aliasing construction	sec:intro; sec:related	scope_statement	docs/PRIOR_ART.md	-	AUTHOR_POSITION
A01	AI use: code, experiments, and draft produced by an AI agent; no human review yet	AI use statement	process	AI_USAGE.md	-	HUMAN_REVIEW_PENDING
S01	2x2: informative control forced-commit 1.000 in all seeds (readout works with a restore-free pool)	abstract; sec:study; Table 2; sec:discussion	raw_result	runs/study2x2_20260926T225310Z_fd781be/cells.json	planning.forced_commit_accuracy[informative_control]	VERIFIED_RAW (v0: NOT_RUN; rev2: run)
S03	2x2: learned arms 0.475-0.500, untrained 0.500; R1 (ACP_b - untrained) per seed 0.000/0.000/-0.025; verdict LEARNING_BENEFIT_NOT_SUPPORTED	abstract; sec:intro; sec:study; Tables 2-3; sec:conclusion	raw_result	runs/study2x2_20260926T225310Z_fd781be/cells.json; runs/study2x2_20260926T225310Z_fd781be/verdict.json	planning.forced_commit_accuracy; contrasts.acp_branch_minus_random.per_seed; verdict	VERIFIED_RAW
S04	All paired contrasts in [-0.025, 0.000]; floor effect, not evidence of zero effect or equivalence	abstract; sec:study; Table 3; sec:discussion	raw_result+interpretation	runs/study2x2_20260926T225310Z_fd781be/verdict.json	contrasts.*.per_seed	VERIFIED_RAW (values); AUTHOR_INTERPRETATION (floor reading)
S05	Accounting: pretraining 60,000 transitions and 10,048 restores (branching only); readout pool 36,000 transitions, 0 restores; test 31,470 transitions, 0 restores	sec:study (Accounting); Table 5	raw_result	runs/study2x2_20260926T225310Z_fd781be/manifest.json	env_transitions.*	VERIFIED_RAW
S06	Splits share no latent episode seeds; branching/no-branching pretraining share 393-399 root episodes; 0.10-0.29 of test junction prefixes also appear in training data	sec:study (Accounting)	raw_result	runs/study2x2_20260926T225310Z_fd781be/manifest.json	data.*.split_checks	VERIFIED_RAW
S07	Linear probe on learned junction features 0.51-0.75 vs untrained 0.52-0.56; possible partially decodable clue not used by the head	sec:study; sec:discussion (conjecture 3)	raw_result+observation	runs/study2x2_20260926T225310Z_fd781be/cells.json	probe.test_accuracy	VERIFIED_RAW (values); OBSERVATION_ONLY (200 probe episodes per cell; not a finding)
S08	Equal transition cap is not equal compute: branching pretraining 0.62 GMAC / 56-60 CPU-s vs no-branching 1.19 GMAC / 104-108 CPU-s	sec:study; Table 4	raw_result	runs/study2x2_20260926T225310Z_fd781be/cells.json	stage1_mac; stage1_cpu_s	VERIFIED_RAW
S09	Study run cost: 5,202 CPU-s, 56.15 GMAC, peak RSS 42.0 MB, single process, RLIMIT_CPU 7000 s	sec:study	raw_result	runs/study2x2_20260926T225310Z_fd781be/manifest.json	time.process_cpu_s; total_mac; peak_rss_mb; limits	VERIFIED_RAW
S10	Pretraining reduced prediction loss for every learned arm; ACP and MSP losses not like-for-like	sec:study; Table 7	raw_result	runs/study2x2_20260926T225310Z_fd781be/cells.json	stage1_train_loss_first_last; stage1_head_dev_prediction	VERIFIED_RAW
S11	Full-action metrics confounded by stalling in the study (timeouts up to 1.000 for chance-level arms)	sec:study; Table 6	raw_result	runs/study2x2_20260926T225310Z_fd781be/cells.json	planning.success_rate; planning.timeout_rate; planning.mean_return	VERIFIED_RAW
S12	Explanations for the learned-encoder floor (weak clue signal in k-step targets; short untuned pretraining; insensitive reward head)	sec:discussion	conjecture	-	-	CONJECTURE (not tested)
S13	Seeds 1-3 are the first unviewed seeds of the registered evaluation list; new seeds of the same design, not an independent replication	sec:study (Design)	process_record	configs/study_2x2_symmetric.json	seed_registry	PROCESS_RECORD
S14	ACP variant is not an official reproduction of Kwon et al.; MSP is an action-free ablation, not a strong baseline	sec:method; sec:related; sec:discussion	scope_statement	configs/study_2x2_symmetric.json	arm_notes	AUTHOR_POSITION
